ID,Name,Department,Salary
101,John,IT,55000.00000000001
102,Emma,HR,45000
103,Liam,IT,60500.00000000001
104,Olivia,Finance,60000
105,Noah,Marketing,40000
